{
  "Total" : {
    "transaction" : "Total",
    "sampleCount" : 14768102,
    "errorCount" : 0,
    "errorPct" : 0.0,
    "meanResTime" : 0.06745064463937384,
    "medianResTime" : 0.0,
    "minResTime" : 0.0,
    "maxResTime" : 34.0,
    "pct1ResTime" : 0.0,
    "pct2ResTime" : 1.0,
    "pct3ResTime" : 1.0,
    "throughput" : 49249.49727042016,
    "receivedKBytesPerSec" : 6252.377583158809,
    "sentKBytesPerSec" : 5627.139824842929
  },
  "HTTP Request" : {
    "transaction" : "HTTP Request",
    "sampleCount" : 14768102,
    "errorCount" : 0,
    "errorPct" : 0.0,
    "meanResTime" : 0.06745064463937384,
    "medianResTime" : 0.0,
    "minResTime" : 0.0,
    "maxResTime" : 34.0,
    "pct1ResTime" : 0.0,
    "pct2ResTime" : 1.0,
    "pct3ResTime" : 1.0,
    "throughput" : 49249.49727042016,
    "receivedKBytesPerSec" : 6252.377583158809,
    "sentKBytesPerSec" : 5627.139824842929
  }
}