{
  "Total" : {
    "transaction" : "Total",
    "sampleCount" : 15169535,
    "errorCount" : 0,
    "errorPct" : 0.0,
    "meanResTime" : 0.06524886886775999,
    "medianResTime" : 0.0,
    "minResTime" : 0.0,
    "maxResTime" : 33.0,
    "pct1ResTime" : 0.0,
    "pct2ResTime" : 1.0,
    "pct3ResTime" : 1.0,
    "throughput" : 50581.13402577483,
    "receivedKBytesPerSec" : 6421.433030615945,
    "sentKBytesPerSec" : 5779.289727554351
  },
  "HTTP Request" : {
    "transaction" : "HTTP Request",
    "sampleCount" : 15169535,
    "errorCount" : 0,
    "errorPct" : 0.0,
    "meanResTime" : 0.06524886886775999,
    "medianResTime" : 0.0,
    "minResTime" : 0.0,
    "maxResTime" : 33.0,
    "pct1ResTime" : 0.0,
    "pct2ResTime" : 1.0,
    "pct3ResTime" : 1.0,
    "throughput" : 50581.13402577483,
    "receivedKBytesPerSec" : 6421.433030615945,
    "sentKBytesPerSec" : 5779.289727554351
  }
}