{
  "Total" : {
    "transaction" : "Total",
    "sampleCount" : 10827236,
    "errorCount" : 0,
    "errorPct" : 0.0,
    "meanResTime" : 0.0976944623724863,
    "medianResTime" : 0.0,
    "minResTime" : 0.0,
    "maxResTime" : 34.0,
    "pct1ResTime" : 0.0,
    "pct2ResTime" : 1.0,
    "pct3ResTime" : 1.0,
    "throughput" : 36106.79401201199,
    "receivedKBytesPerSec" : 4513.349251501499,
    "sentKBytesPerSec" : 4125.483300200589
  },
  "HTTP Request" : {
    "transaction" : "HTTP Request",
    "sampleCount" : 10827236,
    "errorCount" : 0,
    "errorPct" : 0.0,
    "meanResTime" : 0.0976944623724863,
    "medianResTime" : 0.0,
    "minResTime" : 0.0,
    "maxResTime" : 34.0,
    "pct1ResTime" : 0.0,
    "pct2ResTime" : 1.0,
    "pct3ResTime" : 1.0,
    "throughput" : 36106.79401201199,
    "receivedKBytesPerSec" : 4513.349251501499,
    "sentKBytesPerSec" : 4125.483300200589
  }
}