{
  "Total" : {
    "transaction" : "Total",
    "sampleCount" : 12114593,
    "errorCount" : 0,
    "errorPct" : 0.0,
    "meanResTime" : 0.08778916468758802,
    "medianResTime" : 0.0,
    "minResTime" : 0.0,
    "maxResTime" : 32.0,
    "pct1ResTime" : 0.0,
    "pct2ResTime" : 1.0,
    "pct3ResTime" : 1.0,
    "throughput" : 40397.731782061666,
    "receivedKBytesPerSec" : 5049.716472757709,
    "sentKBytesPerSec" : 4615.756463380094
  },
  "HTTP Request" : {
    "transaction" : "HTTP Request",
    "sampleCount" : 12114593,
    "errorCount" : 0,
    "errorPct" : 0.0,
    "meanResTime" : 0.08778916468758802,
    "medianResTime" : 0.0,
    "minResTime" : 0.0,
    "maxResTime" : 32.0,
    "pct1ResTime" : 0.0,
    "pct2ResTime" : 1.0,
    "pct3ResTime" : 1.0,
    "throughput" : 40397.731782061666,
    "receivedKBytesPerSec" : 5049.716472757709,
    "sentKBytesPerSec" : 4615.756463380094
  }
}