{
  "Total" : {
    "transaction" : "Total",
    "sampleCount" : 11217889,
    "errorCount" : 245359,
    "errorPct" : 2.187212,
    "meanResTime" : 0.09118230711678121,
    "medianResTime" : 0.0,
    "minResTime" : 0.0,
    "maxResTime" : 33.0,
    "pct1ResTime" : 0.0,
    "pct2ResTime" : 1.0,
    "pct3ResTime" : 1.0,
    "throughput" : 37410.67105096413,
    "receivedKBytesPerSec" : 6737.142862856127,
    "sentKBytesPerSec" : 4180.9699103930025
  },
  "HTTP Request" : {
    "transaction" : "HTTP Request",
    "sampleCount" : 11217889,
    "errorCount" : 245359,
    "errorPct" : 2.187212,
    "meanResTime" : 0.09118230711678121,
    "medianResTime" : 0.0,
    "minResTime" : 0.0,
    "maxResTime" : 33.0,
    "pct1ResTime" : 0.0,
    "pct2ResTime" : 1.0,
    "pct3ResTime" : 1.0,
    "throughput" : 37410.67105096413,
    "receivedKBytesPerSec" : 6737.142862856127,
    "sentKBytesPerSec" : 4180.9699103930025
  }
}