{
  "Total" : {
    "transaction" : "Total",
    "sampleCount" : 11483669,
    "errorCount" : 273132,
    "errorPct" : 2.3784385,
    "meanResTime" : 0.08874106350506117,
    "medianResTime" : 0.0,
    "minResTime" : 0.0,
    "maxResTime" : 32.0,
    "pct1ResTime" : 0.0,
    "pct2ResTime" : 1.0,
    "pct3ResTime" : 1.0,
    "throughput" : 38296.12992513298,
    "receivedKBytesPerSec" : 7081.041481687593,
    "sentKBytesPerSec" : 4271.560317377194
  },
  "HTTP Request" : {
    "transaction" : "HTTP Request",
    "sampleCount" : 11483669,
    "errorCount" : 273132,
    "errorPct" : 2.3784385,
    "meanResTime" : 0.08874106350506117,
    "medianResTime" : 0.0,
    "minResTime" : 0.0,
    "maxResTime" : 32.0,
    "pct1ResTime" : 0.0,
    "pct2ResTime" : 1.0,
    "pct3ResTime" : 1.0,
    "throughput" : 38296.12992513298,
    "receivedKBytesPerSec" : 7081.041481687593,
    "sentKBytesPerSec" : 4271.560317377194
  }
}