{
  "Total" : {
    "transaction" : "Total",
    "sampleCount" : 12661479,
    "errorCount" : 93164,
    "errorPct" : 0.73580664,
    "meanResTime" : 0.08218020975274792,
    "medianResTime" : 0.0,
    "minResTime" : 0.0,
    "maxResTime" : 42.0,
    "pct1ResTime" : 0.0,
    "pct2ResTime" : 1.0,
    "pct3ResTime" : 1.0,
    "throughput" : 42223.22673158369,
    "receivedKBytesPerSec" : 6060.371173862841,
    "sentKBytesPerSec" : 4788.8357578648665
  },
  "HTTP Request" : {
    "transaction" : "HTTP Request",
    "sampleCount" : 12661479,
    "errorCount" : 93164,
    "errorPct" : 0.73580664,
    "meanResTime" : 0.08218020975274792,
    "medianResTime" : 0.0,
    "minResTime" : 0.0,
    "maxResTime" : 42.0,
    "pct1ResTime" : 0.0,
    "pct2ResTime" : 1.0,
    "pct3ResTime" : 1.0,
    "throughput" : 42223.22673158369,
    "receivedKBytesPerSec" : 6060.371173862841,
    "sentKBytesPerSec" : 4788.8357578648665
  }
}