{
  "Total" : {
    "transaction" : "Total",
    "sampleCount" : 11365241,
    "errorCount" : 0,
    "errorPct" : 0.0,
    "meanResTime" : 0.09115715188089897,
    "medianResTime" : 0.0,
    "minResTime" : 0.0,
    "maxResTime" : 40.0,
    "pct1ResTime" : 0.0,
    "pct2ResTime" : 1.0,
    "pct3ResTime" : 1.0,
    "throughput" : 37900.56024277187,
    "receivedKBytesPerSec" : 4737.570030346484,
    "sentKBytesPerSec" : 4330.435105863582
  },
  "HTTP Request" : {
    "transaction" : "HTTP Request",
    "sampleCount" : 11365241,
    "errorCount" : 0,
    "errorPct" : 0.0,
    "meanResTime" : 0.09115715188089897,
    "medianResTime" : 0.0,
    "minResTime" : 0.0,
    "maxResTime" : 40.0,
    "pct1ResTime" : 0.0,
    "pct2ResTime" : 1.0,
    "pct3ResTime" : 1.0,
    "throughput" : 37900.56024277187,
    "receivedKBytesPerSec" : 4737.570030346484,
    "sentKBytesPerSec" : 4330.435105863582
  }
}