{
  "Total" : {
    "transaction" : "Total",
    "sampleCount" : 12481445,
    "errorCount" : 129263,
    "errorPct" : 1.0356413,
    "meanResTime" : 0.0811868337359861,
    "medianResTime" : 0.0,
    "minResTime" : 0.0,
    "maxResTime" : 40.0,
    "pct1ResTime" : 0.0,
    "pct2ResTime" : 1.0,
    "pct3ResTime" : 1.0,
    "throughput" : 41619.93857768322,
    "receivedKBytesPerSec" : 6288.073198496495,
    "sentKBytesPerSec" : 4706.154219105858
  },
  "HTTP Request" : {
    "transaction" : "HTTP Request",
    "sampleCount" : 12481445,
    "errorCount" : 129263,
    "errorPct" : 1.0356413,
    "meanResTime" : 0.0811868337359861,
    "medianResTime" : 0.0,
    "minResTime" : 0.0,
    "maxResTime" : 40.0,
    "pct1ResTime" : 0.0,
    "pct2ResTime" : 1.0,
    "pct3ResTime" : 1.0,
    "throughput" : 41619.93857768322,
    "receivedKBytesPerSec" : 6288.073198496495,
    "sentKBytesPerSec" : 4706.154219105858
  }
}