{
  "Total" : {
    "transaction" : "Total",
    "sampleCount" : 2251354,
    "errorCount" : 0,
    "errorPct" : 0.0,
    "meanResTime" : 0.5199257868820327,
    "medianResTime" : 0.0,
    "minResTime" : 0.0,
    "maxResTime" : 43.0,
    "pct1ResTime" : 1.0,
    "pct2ResTime" : 1.0,
    "pct3ResTime" : 1.0,
    "throughput" : 7507.265997532429,
    "receivedKBytesPerSec" : 1752.1841537209477,
    "sentKBytesPerSec" : 857.7637907336857
  },
  "HTTP Request" : {
    "transaction" : "HTTP Request",
    "sampleCount" : 2251354,
    "errorCount" : 0,
    "errorPct" : 0.0,
    "meanResTime" : 0.5199257868820327,
    "medianResTime" : 0.0,
    "minResTime" : 0.0,
    "maxResTime" : 43.0,
    "pct1ResTime" : 1.0,
    "pct2ResTime" : 1.0,
    "pct3ResTime" : 1.0,
    "throughput" : 7507.265997532429,
    "receivedKBytesPerSec" : 1752.1841537209477,
    "sentKBytesPerSec" : 857.7637907336857
  }
}