{
  "Total" : {
    "transaction" : "Total",
    "sampleCount" : 2089142,
    "errorCount" : 0,
    "errorPct" : 0.0,
    "meanResTime" : 0.5565480948638452,
    "medianResTime" : 1.0,
    "minResTime" : 0.0,
    "maxResTime" : 48.0,
    "pct1ResTime" : 1.0,
    "pct2ResTime" : 1.0,
    "pct3ResTime" : 2.0,
    "throughput" : 6966.523610874908,
    "receivedKBytesPerSec" : 1625.9757255850616,
    "sentKBytesPerSec" : 795.9797485081682
  },
  "HTTP Request" : {
    "transaction" : "HTTP Request",
    "sampleCount" : 2089142,
    "errorCount" : 0,
    "errorPct" : 0.0,
    "meanResTime" : 0.5565480948638452,
    "medianResTime" : 1.0,
    "minResTime" : 0.0,
    "maxResTime" : 48.0,
    "pct1ResTime" : 1.0,
    "pct2ResTime" : 1.0,
    "pct3ResTime" : 2.0,
    "throughput" : 6966.523610874908,
    "receivedKBytesPerSec" : 1625.9757255850616,
    "sentKBytesPerSec" : 795.9797485081682
  }
}