{
  "Total" : {
    "transaction" : "Total",
    "sampleCount" : 2104367,
    "errorCount" : 0,
    "errorPct" : 0.0,
    "meanResTime" : 0.5528931027715426,
    "medianResTime" : 1.0,
    "minResTime" : 0.0,
    "maxResTime" : 43.0,
    "pct1ResTime" : 1.0,
    "pct2ResTime" : 1.0,
    "pct3ResTime" : 2.0,
    "throughput" : 7017.223211487032,
    "receivedKBytesPerSec" : 1637.8089331498052,
    "sentKBytesPerSec" : 801.772573968733
  },
  "HTTP Request" : {
    "transaction" : "HTTP Request",
    "sampleCount" : 2104367,
    "errorCount" : 0,
    "errorPct" : 0.0,
    "meanResTime" : 0.5528931027715426,
    "medianResTime" : 1.0,
    "minResTime" : 0.0,
    "maxResTime" : 43.0,
    "pct1ResTime" : 1.0,
    "pct2ResTime" : 1.0,
    "pct3ResTime" : 2.0,
    "throughput" : 7017.223211487032,
    "receivedKBytesPerSec" : 1637.8089331498052,
    "sentKBytesPerSec" : 801.772573968733
  }
}