{
  "Total" : {
    "transaction" : "Total",
    "sampleCount" : 2156867,
    "errorCount" : 0,
    "errorPct" : 0.0,
    "meanResTime" : 0.5400481346323127,
    "medianResTime" : 1.0,
    "minResTime" : 0.0,
    "maxResTime" : 40.0,
    "pct1ResTime" : 1.0,
    "pct2ResTime" : 1.0,
    "pct3ResTime" : 1.0,
    "throughput" : 7191.834080792251,
    "receivedKBytesPerSec" : 1678.5628372161602,
    "sentKBytesPerSec" : 821.7232299342709
  },
  "HTTP Request" : {
    "transaction" : "HTTP Request",
    "sampleCount" : 2156867,
    "errorCount" : 0,
    "errorPct" : 0.0,
    "meanResTime" : 0.5400481346323127,
    "medianResTime" : 1.0,
    "minResTime" : 0.0,
    "maxResTime" : 40.0,
    "pct1ResTime" : 1.0,
    "pct2ResTime" : 1.0,
    "pct3ResTime" : 1.0,
    "throughput" : 7191.834080792251,
    "receivedKBytesPerSec" : 1678.5628372161602,
    "sentKBytesPerSec" : 821.7232299342709
  }
}