{
  "Total" : {
    "transaction" : "Total",
    "sampleCount" : 2110617,
    "errorCount" : 0,
    "errorPct" : 0.0,
    "meanResTime" : 0.5515988926460638,
    "medianResTime" : 1.0,
    "minResTime" : 0.0,
    "maxResTime" : 48.0,
    "pct1ResTime" : 1.0,
    "pct2ResTime" : 1.0,
    "pct3ResTime" : 2.0,
    "throughput" : 7037.994057801387,
    "receivedKBytesPerSec" : 1642.6568162251283,
    "sentKBytesPerSec" : 804.1458054323849
  },
  "HTTP Request" : {
    "transaction" : "HTTP Request",
    "sampleCount" : 2110617,
    "errorCount" : 0,
    "errorPct" : 0.0,
    "meanResTime" : 0.5515988926460638,
    "medianResTime" : 1.0,
    "minResTime" : 0.0,
    "maxResTime" : 48.0,
    "pct1ResTime" : 1.0,
    "pct2ResTime" : 1.0,
    "pct3ResTime" : 2.0,
    "throughput" : 7037.994057801387,
    "receivedKBytesPerSec" : 1642.6568162251283,
    "sentKBytesPerSec" : 804.1458054323849
  }
}