{
  "Total" : {
    "transaction" : "Total",
    "sampleCount" : 2192925,
    "errorCount" : 0,
    "errorPct" : 0.0,
    "meanResTime" : 0.5303747278178886,
    "medianResTime" : 0.0,
    "minResTime" : 0.0,
    "maxResTime" : 37.0,
    "pct1ResTime" : 1.0,
    "pct2ResTime" : 1.0,
    "pct3ResTime" : 1.9900000000016007,
    "throughput" : 7312.772612679908,
    "receivedKBytesPerSec" : 1706.7897015922833,
    "sentKBytesPerSec" : 835.541402034716
  },
  "HTTP Request" : {
    "transaction" : "HTTP Request",
    "sampleCount" : 2192925,
    "errorCount" : 0,
    "errorPct" : 0.0,
    "meanResTime" : 0.5303747278178886,
    "medianResTime" : 0.0,
    "minResTime" : 0.0,
    "maxResTime" : 37.0,
    "pct1ResTime" : 1.0,
    "pct2ResTime" : 1.0,
    "pct3ResTime" : 1.9900000000016007,
    "throughput" : 7312.772612679908,
    "receivedKBytesPerSec" : 1706.7897015922833,
    "sentKBytesPerSec" : 835.541402034716
  }
}