{
  "Total" : {
    "transaction" : "Total",
    "sampleCount" : 2170607,
    "errorCount" : 0,
    "errorPct" : 0.0,
    "meanResTime" : 0.5398301028237509,
    "medianResTime" : 1.0,
    "minResTime" : 0.0,
    "maxResTime" : 36.0,
    "pct1ResTime" : 1.0,
    "pct2ResTime" : 1.0,
    "pct3ResTime" : 2.0,
    "throughput" : 7237.74512255711,
    "receivedKBytesPerSec" : 1689.2784026280756,
    "sentKBytesPerSec" : 826.9689251359198
  },
  "HTTP Request" : {
    "transaction" : "HTTP Request",
    "sampleCount" : 2170607,
    "errorCount" : 0,
    "errorPct" : 0.0,
    "meanResTime" : 0.5398301028237509,
    "medianResTime" : 1.0,
    "minResTime" : 0.0,
    "maxResTime" : 36.0,
    "pct1ResTime" : 1.0,
    "pct2ResTime" : 1.0,
    "pct3ResTime" : 2.0,
    "throughput" : 7237.74512255711,
    "receivedKBytesPerSec" : 1689.2784026280756,
    "sentKBytesPerSec" : 826.9689251359198
  }
}