{
  "Total" : {
    "transaction" : "Total",
    "sampleCount" : 2150432,
    "errorCount" : 0,
    "errorPct" : 0.0,
    "meanResTime" : 0.5439083867799519,
    "medianResTime" : 1.0,
    "minResTime" : 0.0,
    "maxResTime" : 43.0,
    "pct1ResTime" : 1.0,
    "pct2ResTime" : 1.0,
    "pct3ResTime" : 2.0,
    "throughput" : 7170.831582668081,
    "receivedKBytesPerSec" : 1673.6608869703819,
    "sentKBytesPerSec" : 819.3235304415678
  },
  "HTTP Request" : {
    "transaction" : "HTTP Request",
    "sampleCount" : 2150432,
    "errorCount" : 0,
    "errorPct" : 0.0,
    "meanResTime" : 0.5439083867799519,
    "medianResTime" : 1.0,
    "minResTime" : 0.0,
    "maxResTime" : 43.0,
    "pct1ResTime" : 1.0,
    "pct2ResTime" : 1.0,
    "pct3ResTime" : 2.0,
    "throughput" : 7170.831582668081,
    "receivedKBytesPerSec" : 1673.6608869703819,
    "sentKBytesPerSec" : 819.3235304415678
  }
}