{
  "Total" : {
    "transaction" : "Total",
    "sampleCount" : 8834395,
    "errorCount" : 0,
    "errorPct" : 0.0,
    "meanResTime" : 0.1253447463012448,
    "medianResTime" : 0.0,
    "minResTime" : 0.0,
    "maxResTime" : 43.0,
    "pct1ResTime" : 1.0,
    "pct2ResTime" : 1.0,
    "pct3ResTime" : 1.0,
    "throughput" : 29459.472527619106,
    "receivedKBytesPerSec" : 5063.346840684534,
    "sentKBytesPerSec" : 3365.974888409605
  },
  "HTTP Request" : {
    "transaction" : "HTTP Request",
    "sampleCount" : 8834395,
    "errorCount" : 0,
    "errorPct" : 0.0,
    "meanResTime" : 0.1253447463012448,
    "medianResTime" : 0.0,
    "minResTime" : 0.0,
    "maxResTime" : 43.0,
    "pct1ResTime" : 1.0,
    "pct2ResTime" : 1.0,
    "pct3ResTime" : 1.0,
    "throughput" : 29459.472527619106,
    "receivedKBytesPerSec" : 5063.346840684534,
    "sentKBytesPerSec" : 3365.974888409605
  }
}