{
  "Total" : {
    "transaction" : "Total",
    "sampleCount" : 8353980,
    "errorCount" : 0,
    "errorPct" : 0.0,
    "meanResTime" : 0.13116706049092813,
    "medianResTime" : 0.0,
    "minResTime" : 0.0,
    "maxResTime" : 40.0,
    "pct1ResTime" : 1.0,
    "pct2ResTime" : 1.0,
    "pct3ResTime" : 1.0,
    "throughput" : 27857.928891082374,
    "receivedKBytesPerSec" : 4788.081528154783,
    "sentKBytesPerSec" : 3182.986015875623
  },
  "HTTP Request" : {
    "transaction" : "HTTP Request",
    "sampleCount" : 8353980,
    "errorCount" : 0,
    "errorPct" : 0.0,
    "meanResTime" : 0.13116706049092813,
    "medianResTime" : 0.0,
    "minResTime" : 0.0,
    "maxResTime" : 40.0,
    "pct1ResTime" : 1.0,
    "pct2ResTime" : 1.0,
    "pct3ResTime" : 1.0,
    "throughput" : 27857.928891082374,
    "receivedKBytesPerSec" : 4788.081528154783,
    "sentKBytesPerSec" : 3182.986015875623
  }
}