{
  "Total" : {
    "transaction" : "Total",
    "sampleCount" : 6709327,
    "errorCount" : 0,
    "errorPct" : 0.0,
    "meanResTime" : 0.16631846979585055,
    "medianResTime" : 0.0,
    "minResTime" : 0.0,
    "maxResTime" : 45.0,
    "pct1ResTime" : 1.0,
    "pct2ResTime" : 1.0,
    "pct3ResTime" : 1.0,
    "throughput" : 22372.701232789466,
    "receivedKBytesPerSec" : 3845.3080243856894,
    "sentKBytesPerSec" : 2556.2559025745777
  },
  "HTTP Request" : {
    "transaction" : "HTTP Request",
    "sampleCount" : 6709327,
    "errorCount" : 0,
    "errorPct" : 0.0,
    "meanResTime" : 0.16631846979585055,
    "medianResTime" : 0.0,
    "minResTime" : 0.0,
    "maxResTime" : 45.0,
    "pct1ResTime" : 1.0,
    "pct2ResTime" : 1.0,
    "pct3ResTime" : 1.0,
    "throughput" : 22372.701232789466,
    "receivedKBytesPerSec" : 3845.3080243856894,
    "sentKBytesPerSec" : 2556.2559025745777
  }
}