{
  "Total" : {
    "transaction" : "Total",
    "sampleCount" : 8042021,
    "errorCount" : 0,
    "errorPct" : 0.0,
    "meanResTime" : 0.13721028582245284,
    "medianResTime" : 0.0,
    "minResTime" : 0.0,
    "maxResTime" : 47.0,
    "pct1ResTime" : 1.0,
    "pct2ResTime" : 1.0,
    "pct3ResTime" : 1.0,
    "throughput" : 26818.715693009544,
    "receivedKBytesPerSec" : 4609.466759736016,
    "sentKBytesPerSec" : 3064.247789142692
  },
  "HTTP Request" : {
    "transaction" : "HTTP Request",
    "sampleCount" : 8042021,
    "errorCount" : 0,
    "errorPct" : 0.0,
    "meanResTime" : 0.13721028582245284,
    "medianResTime" : 0.0,
    "minResTime" : 0.0,
    "maxResTime" : 47.0,
    "pct1ResTime" : 1.0,
    "pct2ResTime" : 1.0,
    "pct3ResTime" : 1.0,
    "throughput" : 26818.715693009544,
    "receivedKBytesPerSec" : 4609.466759736016,
    "sentKBytesPerSec" : 3064.247789142692
  }
}