{
  "Total" : {
    "transaction" : "Total",
    "sampleCount" : 7449776,
    "errorCount" : 0,
    "errorPct" : 0.0,
    "meanResTime" : 0.147399733898034,
    "medianResTime" : 0.0,
    "minResTime" : 0.0,
    "maxResTime" : 36.0,
    "pct1ResTime" : 1.0,
    "pct2ResTime" : 1.0,
    "pct3ResTime" : 1.0,
    "throughput" : 24840.949786428097,
    "receivedKBytesPerSec" : 4269.538244542329,
    "sentKBytesPerSec" : 2838.2725830196164
  },
  "HTTP Request" : {
    "transaction" : "HTTP Request",
    "sampleCount" : 7449776,
    "errorCount" : 0,
    "errorPct" : 0.0,
    "meanResTime" : 0.147399733898034,
    "medianResTime" : 0.0,
    "minResTime" : 0.0,
    "maxResTime" : 36.0,
    "pct1ResTime" : 1.0,
    "pct2ResTime" : 1.0,
    "pct3ResTime" : 1.0,
    "throughput" : 24840.949786428097,
    "receivedKBytesPerSec" : 4269.538244542329,
    "sentKBytesPerSec" : 2838.2725830196164
  }
}