{
  "Total" : {
    "transaction" : "Total",
    "sampleCount" : 8646840,
    "errorCount" : 0,
    "errorPct" : 0.0,
    "meanResTime" : 0.1279255774363627,
    "medianResTime" : 0.0,
    "minResTime" : 0.0,
    "maxResTime" : 37.0,
    "pct1ResTime" : 1.0,
    "pct2ResTime" : 1.0,
    "pct3ResTime" : 1.0,
    "throughput" : 28832.314663839068,
    "receivedKBytesPerSec" : 4955.5540828473395,
    "sentKBytesPerSec" : 3294.3172028019244
  },
  "HTTP Request" : {
    "transaction" : "HTTP Request",
    "sampleCount" : 8646840,
    "errorCount" : 0,
    "errorPct" : 0.0,
    "meanResTime" : 0.1279255774363627,
    "medianResTime" : 0.0,
    "minResTime" : 0.0,
    "maxResTime" : 37.0,
    "pct1ResTime" : 1.0,
    "pct2ResTime" : 1.0,
    "pct3ResTime" : 1.0,
    "throughput" : 28832.314663839068,
    "receivedKBytesPerSec" : 4955.5540828473395,
    "sentKBytesPerSec" : 3294.3172028019244
  }
}