{
  "Total" : {
    "transaction" : "Total",
    "sampleCount" : 7459008,
    "errorCount" : 0,
    "errorPct" : 0.0,
    "meanResTime" : 0.14706902043810005,
    "medianResTime" : 0.0,
    "minResTime" : 0.0,
    "maxResTime" : 39.0,
    "pct1ResTime" : 1.0,
    "pct2ResTime" : 1.0,
    "pct3ResTime" : 1.0,
    "throughput" : 24871.4846849971,
    "receivedKBytesPerSec" : 4274.786430233877,
    "sentKBytesPerSec" : 2841.76143373502
  },
  "HTTP Request" : {
    "transaction" : "HTTP Request",
    "sampleCount" : 7459008,
    "errorCount" : 0,
    "errorPct" : 0.0,
    "meanResTime" : 0.14706902043810005,
    "medianResTime" : 0.0,
    "minResTime" : 0.0,
    "maxResTime" : 39.0,
    "pct1ResTime" : 1.0,
    "pct2ResTime" : 1.0,
    "pct3ResTime" : 1.0,
    "throughput" : 24871.4846849971,
    "receivedKBytesPerSec" : 4274.786430233877,
    "sentKBytesPerSec" : 2841.76143373502
  }
}