{
  "Total" : {
    "transaction" : "Total",
    "sampleCount" : 7913540,
    "errorCount" : 0,
    "errorPct" : 0.0,
    "meanResTime" : 0.13775705941967364,
    "medianResTime" : 0.0,
    "minResTime" : 0.0,
    "maxResTime" : 43.0,
    "pct1ResTime" : 1.0,
    "pct2ResTime" : 1.0,
    "pct3ResTime" : 1.0,
    "throughput" : 26389.37427470021,
    "receivedKBytesPerSec" : 4535.673703464099,
    "sentKBytesPerSec" : 3015.1921778710202
  },
  "HTTP Request" : {
    "transaction" : "HTTP Request",
    "sampleCount" : 7913540,
    "errorCount" : 0,
    "errorPct" : 0.0,
    "meanResTime" : 0.13775705941967364,
    "medianResTime" : 0.0,
    "minResTime" : 0.0,
    "maxResTime" : 43.0,
    "pct1ResTime" : 1.0,
    "pct2ResTime" : 1.0,
    "pct3ResTime" : 1.0,
    "throughput" : 26389.37427470021,
    "receivedKBytesPerSec" : 4535.673703464099,
    "sentKBytesPerSec" : 3015.1921778710202
  }
}