{
  "Total" : {
    "transaction" : "Total",
    "sampleCount" : 1780041,
    "errorCount" : 0,
    "errorPct" : 0.0,
    "meanResTime" : 0.6564983615546093,
    "medianResTime" : 1.0,
    "minResTime" : 0.0,
    "maxResTime" : 43.0,
    "pct1ResTime" : 1.0,
    "pct2ResTime" : 1.0,
    "pct3ResTime" : 2.0,
    "throughput" : 5935.725575718773,
    "receivedKBytesPerSec" : 1385.3890748015494,
    "sentKBytesPerSec" : 678.2030198819301
  },
  "HTTP Request" : {
    "transaction" : "HTTP Request",
    "sampleCount" : 1780041,
    "errorCount" : 0,
    "errorPct" : 0.0,
    "meanResTime" : 0.6564983615546093,
    "medianResTime" : 1.0,
    "minResTime" : 0.0,
    "maxResTime" : 43.0,
    "pct1ResTime" : 1.0,
    "pct2ResTime" : 1.0,
    "pct3ResTime" : 2.0,
    "throughput" : 5935.725575718773,
    "receivedKBytesPerSec" : 1385.3890748015494,
    "sentKBytesPerSec" : 678.2030198819301
  }
}