{
  "Total" : {
    "transaction" : "Total",
    "sampleCount" : 1721177,
    "errorCount" : 0,
    "errorPct" : 0.0,
    "meanResTime" : 0.6798882392688099,
    "medianResTime" : 1.0,
    "minResTime" : 0.0,
    "maxResTime" : 40.0,
    "pct1ResTime" : 1.0,
    "pct2ResTime" : 1.0,
    "pct3ResTime" : 2.0,
    "throughput" : 5739.629046672625,
    "receivedKBytesPerSec" : 1339.6204513230052,
    "sentKBytesPerSec" : 655.7974594342745
  },
  "HTTP Request" : {
    "transaction" : "HTTP Request",
    "sampleCount" : 1721177,
    "errorCount" : 0,
    "errorPct" : 0.0,
    "meanResTime" : 0.6798882392688099,
    "medianResTime" : 1.0,
    "minResTime" : 0.0,
    "maxResTime" : 40.0,
    "pct1ResTime" : 1.0,
    "pct2ResTime" : 1.0,
    "pct3ResTime" : 2.0,
    "throughput" : 5739.629046672625,
    "receivedKBytesPerSec" : 1339.6204513230052,
    "sentKBytesPerSec" : 655.7974594342745
  }
}