{
  "Total" : {
    "transaction" : "Total",
    "sampleCount" : 1849690,
    "errorCount" : 0,
    "errorPct" : 0.0,
    "meanResTime" : 0.631600430342372,
    "medianResTime" : 1.0,
    "minResTime" : 0.0,
    "maxResTime" : 38.0,
    "pct1ResTime" : 1.0,
    "pct2ResTime" : 1.0,
    "pct3ResTime" : 2.0,
    "throughput" : 6167.586402360747,
    "receivedKBytesPerSec" : 1439.505029457245,
    "sentKBytesPerSec" : 704.6949307384839
  },
  "HTTP Request" : {
    "transaction" : "HTTP Request",
    "sampleCount" : 1849690,
    "errorCount" : 0,
    "errorPct" : 0.0,
    "meanResTime" : 0.631600430342372,
    "medianResTime" : 1.0,
    "minResTime" : 0.0,
    "maxResTime" : 38.0,
    "pct1ResTime" : 1.0,
    "pct2ResTime" : 1.0,
    "pct3ResTime" : 2.0,
    "throughput" : 6167.586402360747,
    "receivedKBytesPerSec" : 1439.505029457245,
    "sentKBytesPerSec" : 704.6949307384839
  }
}