{
  "Total" : {
    "transaction" : "Total",
    "sampleCount" : 1850171,
    "errorCount" : 0,
    "errorPct" : 0.0,
    "meanResTime" : 0.6320588745581248,
    "medianResTime" : 1.0,
    "minResTime" : 0.0,
    "maxResTime" : 39.0,
    "pct1ResTime" : 1.0,
    "pct2ResTime" : 1.0,
    "pct3ResTime" : 2.0,
    "throughput" : 6169.354811818725,
    "receivedKBytesPerSec" : 1439.9177734615969,
    "sentKBytesPerSec" : 704.8969853347567
  },
  "HTTP Request" : {
    "transaction" : "HTTP Request",
    "sampleCount" : 1850171,
    "errorCount" : 0,
    "errorPct" : 0.0,
    "meanResTime" : 0.6320588745581248,
    "medianResTime" : 1.0,
    "minResTime" : 0.0,
    "maxResTime" : 39.0,
    "pct1ResTime" : 1.0,
    "pct2ResTime" : 1.0,
    "pct3ResTime" : 2.0,
    "throughput" : 6169.354811818725,
    "receivedKBytesPerSec" : 1439.9177734615969,
    "sentKBytesPerSec" : 704.8969853347567
  }
}