{
  "Total" : {
    "transaction" : "Total",
    "sampleCount" : 1669601,
    "errorCount" : 0,
    "errorPct" : 0.0,
    "meanResTime" : 0.6985028159422638,
    "medianResTime" : 1.0,
    "minResTime" : 0.0,
    "maxResTime" : 54.0,
    "pct1ResTime" : 1.0,
    "pct2ResTime" : 2.0,
    "pct3ResTime" : 3.0,
    "throughput" : 5567.60082433523,
    "receivedKBytesPerSec" : 1299.4693330235546,
    "sentKBytesPerSec" : 636.1418910617401
  },
  "HTTP Request" : {
    "transaction" : "HTTP Request",
    "sampleCount" : 1669601,
    "errorCount" : 0,
    "errorPct" : 0.0,
    "meanResTime" : 0.6985028159422638,
    "medianResTime" : 1.0,
    "minResTime" : 0.0,
    "maxResTime" : 54.0,
    "pct1ResTime" : 1.0,
    "pct2ResTime" : 2.0,
    "pct3ResTime" : 3.0,
    "throughput" : 5567.60082433523,
    "receivedKBytesPerSec" : 1299.4693330235546,
    "sentKBytesPerSec" : 636.1418910617401
  }
}