{
  "Total" : {
    "transaction" : "Total",
    "sampleCount" : 13671986,
    "errorCount" : 0,
    "errorPct" : 0.0,
    "meanResTime" : 0.07668768824074793,
    "medianResTime" : 0.0,
    "minResTime" : 0.0,
    "maxResTime" : 34.0,
    "pct1ResTime" : 0.0,
    "pct2ResTime" : 1.0,
    "pct3ResTime" : 1.0,
    "throughput" : 45588.93886901169,
    "receivedKBytesPerSec" : 5698.617358626462,
    "sentKBytesPerSec" : 5208.8924293695
  },
  "HTTP Request" : {
    "transaction" : "HTTP Request",
    "sampleCount" : 13671986,
    "errorCount" : 0,
    "errorPct" : 0.0,
    "meanResTime" : 0.07668768824074793,
    "medianResTime" : 0.0,
    "minResTime" : 0.0,
    "maxResTime" : 34.0,
    "pct1ResTime" : 0.0,
    "pct2ResTime" : 1.0,
    "pct3ResTime" : 1.0,
    "throughput" : 45588.93886901169,
    "receivedKBytesPerSec" : 5698.617358626462,
    "sentKBytesPerSec" : 5208.8924293695
  }
}