{
  "Total" : {
    "transaction" : "Total",
    "sampleCount" : 15438625,
    "errorCount" : 17139,
    "errorPct" : 0.11101377,
    "meanResTime" : 0.06565500489842722,
    "medianResTime" : 0.0,
    "minResTime" : 0.0,
    "maxResTime" : 37.0,
    "pct1ResTime" : 0.0,
    "pct2ResTime" : 1.0,
    "pct3ResTime" : 1.0,
    "throughput" : 51480.10136881242,
    "receivedKBytesPerSec" : 7482.867144776714,
    "sentKBytesPerSec" : 5875.473935408643
  },
  "HTTP Request" : {
    "transaction" : "HTTP Request",
    "sampleCount" : 15438625,
    "errorCount" : 17139,
    "errorPct" : 0.11101377,
    "meanResTime" : 0.06565500489842722,
    "medianResTime" : 0.0,
    "minResTime" : 0.0,
    "maxResTime" : 37.0,
    "pct1ResTime" : 0.0,
    "pct2ResTime" : 1.0,
    "pct3ResTime" : 1.0,
    "throughput" : 51480.10136881242,
    "receivedKBytesPerSec" : 7482.867144776714,
    "sentKBytesPerSec" : 5875.473935408643
  }
}