{
  "Total" : {
    "transaction" : "Total",
    "sampleCount" : 15086226,
    "errorCount" : 0,
    "errorPct" : 0.0,
    "meanResTime" : 0.06543412514169862,
    "medianResTime" : 0.0,
    "minResTime" : 0.0,
    "maxResTime" : 30.0,
    "pct1ResTime" : 0.0,
    "pct2ResTime" : 1.0,
    "pct3ResTime" : 1.0,
    "throughput" : 50305.529990796684,
    "receivedKBytesPerSec" : 7172.468143219059,
    "sentKBytesPerSec" : 5747.799813401574
  },
  "HTTP Request" : {
    "transaction" : "HTTP Request",
    "sampleCount" : 15086226,
    "errorCount" : 0,
    "errorPct" : 0.0,
    "meanResTime" : 0.06543412514169862,
    "medianResTime" : 0.0,
    "minResTime" : 0.0,
    "maxResTime" : 30.0,
    "pct1ResTime" : 0.0,
    "pct2ResTime" : 1.0,
    "pct3ResTime" : 1.0,
    "throughput" : 50305.529990796684,
    "receivedKBytesPerSec" : 7172.468143219059,
    "sentKBytesPerSec" : 5747.799813401574
  }
}