{
  "Total" : {
    "transaction" : "Total",
    "sampleCount" : 14630868,
    "errorCount" : 0,
    "errorPct" : 0.0,
    "meanResTime" : 0.06832807185465574,
    "medianResTime" : 0.0,
    "minResTime" : 0.0,
    "maxResTime" : 29.0,
    "pct1ResTime" : 0.0,
    "pct2ResTime" : 1.0,
    "pct3ResTime" : 1.0,
    "throughput" : 48788.42485761161,
    "receivedKBytesPerSec" : 6956.162137901655,
    "sentKBytesPerSec" : 5574.458699551326
  },
  "HTTP Request" : {
    "transaction" : "HTTP Request",
    "sampleCount" : 14630868,
    "errorCount" : 0,
    "errorPct" : 0.0,
    "meanResTime" : 0.06832807185465574,
    "medianResTime" : 0.0,
    "minResTime" : 0.0,
    "maxResTime" : 29.0,
    "pct1ResTime" : 0.0,
    "pct2ResTime" : 1.0,
    "pct3ResTime" : 1.0,
    "throughput" : 48788.42485761161,
    "receivedKBytesPerSec" : 6956.162137901655,
    "sentKBytesPerSec" : 5574.458699551326
  }
}