{
  "Total" : {
    "transaction" : "Total",
    "sampleCount" : 14536031,
    "errorCount" : 16949,
    "errorPct" : 0.11659992,
    "meanResTime" : 0.0691412256894629,
    "medianResTime" : 0.0,
    "minResTime" : 0.0,
    "maxResTime" : 41.0,
    "pct1ResTime" : 0.0,
    "pct2ResTime" : 1.0,
    "pct3ResTime" : 1.0,
    "throughput" : 48471.855971936,
    "receivedKBytesPerSec" : 7052.376892151308,
    "sentKBytesPerSec" : 5531.830591718603
  },
  "HTTP Request" : {
    "transaction" : "HTTP Request",
    "sampleCount" : 14536031,
    "errorCount" : 16949,
    "errorPct" : 0.11659992,
    "meanResTime" : 0.0691412256894629,
    "medianResTime" : 0.0,
    "minResTime" : 0.0,
    "maxResTime" : 41.0,
    "pct1ResTime" : 0.0,
    "pct2ResTime" : 1.0,
    "pct3ResTime" : 1.0,
    "throughput" : 48471.855971936,
    "receivedKBytesPerSec" : 7052.376892151308,
    "sentKBytesPerSec" : 5531.830591718603
  }
}