{
  "Total" : {
    "transaction" : "Total",
    "sampleCount" : 10702561,
    "errorCount" : 0,
    "errorPct" : 0.0,
    "meanResTime" : 0.10020209181710263,
    "medianResTime" : 0.0,
    "minResTime" : 0.0,
    "maxResTime" : 41.0,
    "pct1ResTime" : 1.0,
    "pct2ResTime" : 1.0,
    "pct3ResTime" : 1.0,
    "throughput" : 35690.31223217829,
    "receivedKBytesPerSec" : 4705.265772796943,
    "sentKBytesPerSec" : 4077.8970030906835
  },
  "HTTP Request" : {
    "transaction" : "HTTP Request",
    "sampleCount" : 10702561,
    "errorCount" : 0,
    "errorPct" : 0.0,
    "meanResTime" : 0.10020209181710263,
    "medianResTime" : 0.0,
    "minResTime" : 0.0,
    "maxResTime" : 41.0,
    "pct1ResTime" : 1.0,
    "pct2ResTime" : 1.0,
    "pct3ResTime" : 1.0,
    "throughput" : 35690.31223217829,
    "receivedKBytesPerSec" : 4705.265772796943,
    "sentKBytesPerSec" : 4077.8970030906835
  }
}