{
  "Total" : {
    "transaction" : "Total",
    "sampleCount" : 10182276,
    "errorCount" : 0,
    "errorPct" : 0.0,
    "meanResTime" : 0.10466245464176498,
    "medianResTime" : 0.0,
    "minResTime" : 0.0,
    "maxResTime" : 34.0,
    "pct1ResTime" : 1.0,
    "pct2ResTime" : 1.0,
    "pct3ResTime" : 1.0,
    "throughput" : 33952.35062471032,
    "receivedKBytesPerSec" : 4476.139974937396,
    "sentKBytesPerSec" : 3879.3213116124093
  },
  "HTTP Request" : {
    "transaction" : "HTTP Request",
    "sampleCount" : 10182276,
    "errorCount" : 0,
    "errorPct" : 0.0,
    "meanResTime" : 0.10466245464176498,
    "medianResTime" : 0.0,
    "minResTime" : 0.0,
    "maxResTime" : 34.0,
    "pct1ResTime" : 1.0,
    "pct2ResTime" : 1.0,
    "pct3ResTime" : 1.0,
    "throughput" : 33952.35062471032,
    "receivedKBytesPerSec" : 4476.139974937396,
    "sentKBytesPerSec" : 3879.3213116124093
  }
}