{
  "Total" : {
    "transaction" : "Total",
    "sampleCount" : 11615257,
    "errorCount" : 0,
    "errorPct" : 0.0,
    "meanResTime" : 0.09230049752666476,
    "medianResTime" : 0.0,
    "minResTime" : 0.0,
    "maxResTime" : 34.0,
    "pct1ResTime" : 0.0,
    "pct2ResTime" : 1.0,
    "pct3ResTime" : 1.0,
    "throughput" : 38731.46666133141,
    "receivedKBytesPerSec" : 5106.199218046622,
    "sentKBytesPerSec" : 4425.372655640405
  },
  "HTTP Request" : {
    "transaction" : "HTTP Request",
    "sampleCount" : 11615257,
    "errorCount" : 0,
    "errorPct" : 0.0,
    "meanResTime" : 0.09230049752666476,
    "medianResTime" : 0.0,
    "minResTime" : 0.0,
    "maxResTime" : 34.0,
    "pct1ResTime" : 0.0,
    "pct2ResTime" : 1.0,
    "pct3ResTime" : 1.0,
    "throughput" : 38731.46666133141,
    "receivedKBytesPerSec" : 5106.199218046622,
    "sentKBytesPerSec" : 4425.372655640405
  }
}