{
  "Total" : {
    "transaction" : "Total",
    "sampleCount" : 6799519,
    "errorCount" : 0,
    "errorPct" : 0.0,
    "meanResTime" : 0.16239339870954037,
    "medianResTime" : 0.0,
    "minResTime" : 0.0,
    "maxResTime" : 38.0,
    "pct1ResTime" : 1.0,
    "pct2ResTime" : 1.0,
    "pct3ResTime" : 1.0,
    "throughput" : 22672.469673426654,
    "receivedKBytesPerSec" : 2989.0462948365216,
    "sentKBytesPerSec" : 2590.506788858319
  },
  "HTTP Request" : {
    "transaction" : "HTTP Request",
    "sampleCount" : 6799519,
    "errorCount" : 0,
    "errorPct" : 0.0,
    "meanResTime" : 0.16239339870954037,
    "medianResTime" : 0.0,
    "minResTime" : 0.0,
    "maxResTime" : 38.0,
    "pct1ResTime" : 1.0,
    "pct2ResTime" : 1.0,
    "pct3ResTime" : 1.0,
    "throughput" : 22672.469673426654,
    "receivedKBytesPerSec" : 2989.0462948365216,
    "sentKBytesPerSec" : 2590.506788858319
  }
}