{
  "Total" : {
    "transaction" : "Total",
    "sampleCount" : 10605132,
    "errorCount" : 0,
    "errorPct" : 0.0,
    "meanResTime" : 0.10079073037469147,
    "medianResTime" : 0.0,
    "minResTime" : 0.0,
    "maxResTime" : 38.0,
    "pct1ResTime" : 0.0,
    "pct2ResTime" : 1.0,
    "pct3ResTime" : 1.0,
    "throughput" : 35361.87367248744,
    "receivedKBytesPerSec" : 4661.965767368949,
    "sentKBytesPerSec" : 4040.370331719756
  },
  "HTTP Request" : {
    "transaction" : "HTTP Request",
    "sampleCount" : 10605132,
    "errorCount" : 0,
    "errorPct" : 0.0,
    "meanResTime" : 0.10079073037469147,
    "medianResTime" : 0.0,
    "minResTime" : 0.0,
    "maxResTime" : 38.0,
    "pct1ResTime" : 0.0,
    "pct2ResTime" : 1.0,
    "pct3ResTime" : 1.0,
    "throughput" : 35361.87367248744,
    "receivedKBytesPerSec" : 4661.965767368949,
    "sentKBytesPerSec" : 4040.370331719756
  }
}