{
  "Total" : {
    "transaction" : "Total",
    "sampleCount" : 12814367,
    "errorCount" : 14685,
    "errorPct" : 0.11459794,
    "meanResTime" : 0.08150539156558868,
    "medianResTime" : 0.0,
    "minResTime" : 0.0,
    "maxResTime" : 42.0,
    "pct1ResTime" : 0.0,
    "pct2ResTime" : 1.0,
    "pct3ResTime" : 1.0,
    "throughput" : 42730.65187887438,
    "receivedKBytesPerSec" : 5464.6611910017355,
    "sentKBytesPerSec" : 4876.715782997012
  },
  "HTTP Request" : {
    "transaction" : "HTTP Request",
    "sampleCount" : 12814367,
    "errorCount" : 14685,
    "errorPct" : 0.11459794,
    "meanResTime" : 0.08150539156558868,
    "medianResTime" : 0.0,
    "minResTime" : 0.0,
    "maxResTime" : 42.0,
    "pct1ResTime" : 0.0,
    "pct2ResTime" : 1.0,
    "pct3ResTime" : 1.0,
    "throughput" : 42730.65187887438,
    "receivedKBytesPerSec" : 5464.6611910017355,
    "sentKBytesPerSec" : 4876.715782997012
  }
}