{
  "Total" : {
    "transaction" : "Total",
    "sampleCount" : 7021862,
    "errorCount" : 0,
    "errorPct" : 0.0,
    "meanResTime" : 0.15952563579290246,
    "medianResTime" : 0.0,
    "minResTime" : 0.0,
    "maxResTime" : 43.0,
    "pct1ResTime" : 1.0,
    "pct2ResTime" : 1.0,
    "pct3ResTime" : 1.0,
    "throughput" : 23416.58802068917,
    "receivedKBytesPerSec" : 4024.7260660559514,
    "sentKBytesPerSec" : 2675.5281234576496
  },
  "HTTP Request" : {
    "transaction" : "HTTP Request",
    "sampleCount" : 7021862,
    "errorCount" : 0,
    "errorPct" : 0.0,
    "meanResTime" : 0.15952563579290246,
    "medianResTime" : 0.0,
    "minResTime" : 0.0,
    "maxResTime" : 43.0,
    "pct1ResTime" : 1.0,
    "pct2ResTime" : 1.0,
    "pct3ResTime" : 1.0,
    "throughput" : 23416.58802068917,
    "receivedKBytesPerSec" : 4024.7260660559514,
    "sentKBytesPerSec" : 2675.5281234576496
  }
}