{
  "Total" : {
    "transaction" : "Total",
    "sampleCount" : 6838509,
    "errorCount" : 0,
    "errorPct" : 0.0,
    "meanResTime" : 0.16321291673374114,
    "medianResTime" : 0.0,
    "minResTime" : 0.0,
    "maxResTime" : 52.0,
    "pct1ResTime" : 1.0,
    "pct2ResTime" : 1.0,
    "pct3ResTime" : 1.0,
    "throughput" : 22802.55484309822,
    "receivedKBytesPerSec" : 3919.189113657507,
    "sentKBytesPerSec" : 2605.3700357836833
  },
  "HTTP Request" : {
    "transaction" : "HTTP Request",
    "sampleCount" : 6838509,
    "errorCount" : 0,
    "errorPct" : 0.0,
    "meanResTime" : 0.16321291673374114,
    "medianResTime" : 0.0,
    "minResTime" : 0.0,
    "maxResTime" : 52.0,
    "pct1ResTime" : 1.0,
    "pct2ResTime" : 1.0,
    "pct3ResTime" : 1.0,
    "throughput" : 22802.55484309822,
    "receivedKBytesPerSec" : 3919.189113657507,
    "sentKBytesPerSec" : 2605.3700357836833
  }
}