{
  "Total" : {
    "transaction" : "Total",
    "sampleCount" : 6409142,
    "errorCount" : 0,
    "errorPct" : 0.0,
    "meanResTime" : 0.17303517381890046,
    "medianResTime" : 0.0,
    "minResTime" : 0.0,
    "maxResTime" : 40.0,
    "pct1ResTime" : 1.0,
    "pct2ResTime" : 1.0,
    "pct3ResTime" : 1.0,
    "throughput" : 21371.072831429352,
    "receivedKBytesPerSec" : 3673.1531429019196,
    "sentKBytesPerSec" : 2441.812032497299
  },
  "HTTP Request" : {
    "transaction" : "HTTP Request",
    "sampleCount" : 6409142,
    "errorCount" : 0,
    "errorPct" : 0.0,
    "meanResTime" : 0.17303517381890046,
    "medianResTime" : 0.0,
    "minResTime" : 0.0,
    "maxResTime" : 40.0,
    "pct1ResTime" : 1.0,
    "pct2ResTime" : 1.0,
    "pct3ResTime" : 1.0,
    "throughput" : 21371.072831429352,
    "receivedKBytesPerSec" : 3673.1531429019196,
    "sentKBytesPerSec" : 2441.812032497299
  }
}