{
  "Total" : {
    "transaction" : "Total",
    "sampleCount" : 6292556,
    "errorCount" : 0,
    "errorPct" : 0.0,
    "meanResTime" : 0.17683863282265327,
    "medianResTime" : 0.0,
    "minResTime" : 0.0,
    "maxResTime" : 39.0,
    "pct1ResTime" : 1.0,
    "pct2ResTime" : 1.0,
    "pct3ResTime" : 1.0,
    "throughput" : 20982.670485806604,
    "receivedKBytesPerSec" : 3606.3964897480105,
    "sentKBytesPerSec" : 2397.4340301165753
  },
  "HTTP Request" : {
    "transaction" : "HTTP Request",
    "sampleCount" : 6292556,
    "errorCount" : 0,
    "errorPct" : 0.0,
    "meanResTime" : 0.17683863282265327,
    "medianResTime" : 0.0,
    "minResTime" : 0.0,
    "maxResTime" : 39.0,
    "pct1ResTime" : 1.0,
    "pct2ResTime" : 1.0,
    "pct3ResTime" : 1.0,
    "throughput" : 20982.670485806604,
    "receivedKBytesPerSec" : 3606.3964897480105,
    "sentKBytesPerSec" : 2397.4340301165753
  }
}