{
  "Total" : {
    "transaction" : "Total",
    "sampleCount" : 6990630,
    "errorCount" : 0,
    "errorPct" : 0.0,
    "meanResTime" : 0.16069925028218832,
    "medianResTime" : 0.0,
    "minResTime" : 0.0,
    "maxResTime" : 42.0,
    "pct1ResTime" : 1.0,
    "pct2ResTime" : 1.0,
    "pct3ResTime" : 1.0,
    "throughput" : 23311.73551734717,
    "receivedKBytesPerSec" : 4006.7045420440454,
    "sentKBytesPerSec" : 2663.5479057906437
  },
  "HTTP Request" : {
    "transaction" : "HTTP Request",
    "sampleCount" : 6990630,
    "errorCount" : 0,
    "errorPct" : 0.0,
    "meanResTime" : 0.16069925028218832,
    "medianResTime" : 0.0,
    "minResTime" : 0.0,
    "maxResTime" : 42.0,
    "pct1ResTime" : 1.0,
    "pct2ResTime" : 1.0,
    "pct3ResTime" : 1.0,
    "throughput" : 23311.73551734717,
    "receivedKBytesPerSec" : 4006.7045420440454,
    "sentKBytesPerSec" : 2663.5479057906437
  }
}