{
  "Total" : {
    "transaction" : "Total",
    "sampleCount" : 8813887,
    "errorCount" : 0,
    "errorPct" : 0.0,
    "meanResTime" : 0.12233705741859704,
    "medianResTime" : 0.0,
    "minResTime" : 0.0,
    "maxResTime" : 41.0,
    "pct1ResTime" : 1.0,
    "pct2ResTime" : 1.0,
    "pct3ResTime" : 1.0,
    "throughput" : 29390.301809657507,
    "receivedKBytesPerSec" : 5051.458123534884,
    "sentKBytesPerSec" : 3358.0715934862583
  },
  "HTTP Request" : {
    "transaction" : "HTTP Request",
    "sampleCount" : 8813887,
    "errorCount" : 0,
    "errorPct" : 0.0,
    "meanResTime" : 0.12233705741859704,
    "medianResTime" : 0.0,
    "minResTime" : 0.0,
    "maxResTime" : 41.0,
    "pct1ResTime" : 1.0,
    "pct2ResTime" : 1.0,
    "pct3ResTime" : 1.0,
    "throughput" : 29390.301809657507,
    "receivedKBytesPerSec" : 5051.458123534884,
    "sentKBytesPerSec" : 3358.0715934862583
  }
}