{
  "Total" : {
    "transaction" : "Total",
    "sampleCount" : 8509689,
    "errorCount" : 0,
    "errorPct" : 0.0,
    "meanResTime" : 0.12846051130660027,
    "medianResTime" : 0.0,
    "minResTime" : 0.0,
    "maxResTime" : 40.0,
    "pct1ResTime" : 1.0,
    "pct2ResTime" : 1.0,
    "pct3ResTime" : 1.0,
    "throughput" : 28377.07542041957,
    "receivedKBytesPerSec" : 7288.252769111667,
    "sentKBytesPerSec" : 3242.3025626846575
  },
  "HTTP Request" : {
    "transaction" : "HTTP Request",
    "sampleCount" : 8509689,
    "errorCount" : 0,
    "errorPct" : 0.0,
    "meanResTime" : 0.12846051130660027,
    "medianResTime" : 0.0,
    "minResTime" : 0.0,
    "maxResTime" : 40.0,
    "pct1ResTime" : 1.0,
    "pct2ResTime" : 1.0,
    "pct3ResTime" : 1.0,
    "throughput" : 28377.07542041957,
    "receivedKBytesPerSec" : 7288.252769111667,
    "sentKBytesPerSec" : 3242.3025626846575
  }
}