{
  "Total" : {
    "transaction" : "Total",
    "sampleCount" : 9311815,
    "errorCount" : 0,
    "errorPct" : 0.0,
    "meanResTime" : 0.11878511332109658,
    "medianResTime" : 0.0,
    "minResTime" : 0.0,
    "maxResTime" : 36.0,
    "pct1ResTime" : 1.0,
    "pct2ResTime" : 1.0,
    "pct3ResTime" : 1.0,
    "throughput" : 31049.422646655752,
    "receivedKBytesPerSec" : 7974.607574287561,
    "sentKBytesPerSec" : 3547.6391109948463
  },
  "HTTP Request" : {
    "transaction" : "HTTP Request",
    "sampleCount" : 9311815,
    "errorCount" : 0,
    "errorPct" : 0.0,
    "meanResTime" : 0.11878511332109658,
    "medianResTime" : 0.0,
    "minResTime" : 0.0,
    "maxResTime" : 36.0,
    "pct1ResTime" : 1.0,
    "pct2ResTime" : 1.0,
    "pct3ResTime" : 1.0,
    "throughput" : 31049.422646655752,
    "receivedKBytesPerSec" : 7974.607574287561,
    "sentKBytesPerSec" : 3547.6391109948463
  }
}