{
  "Total" : {
    "transaction" : "Total",
    "sampleCount" : 2473006,
    "errorCount" : 0,
    "errorPct" : 0.0,
    "meanResTime" : 0.15032515084880171,
    "medianResTime" : 0.0,
    "minResTime" : 0.0,
    "maxResTime" : 38.0,
    "pct1ResTime" : 1.0,
    "pct2ResTime" : 1.0,
    "pct3ResTime" : 1.0,
    "throughput" : 24758.532312158983,
    "receivedKBytesPerSec" : 6358.880857517394,
    "sentKBytesPerSec" : 2828.8557426978523
  },
  "HTTP Request" : {
    "transaction" : "HTTP Request",
    "sampleCount" : 2473006,
    "errorCount" : 0,
    "errorPct" : 0.0,
    "meanResTime" : 0.15032515084880171,
    "medianResTime" : 0.0,
    "minResTime" : 0.0,
    "maxResTime" : 38.0,
    "pct1ResTime" : 1.0,
    "pct2ResTime" : 1.0,
    "pct3ResTime" : 1.0,
    "throughput" : 24758.532312158983,
    "receivedKBytesPerSec" : 6358.880857517394,
    "sentKBytesPerSec" : 2828.8557426978523
  }
}