{
  "Total" : {
    "transaction" : "Total",
    "sampleCount" : 8329446,
    "errorCount" : 0,
    "errorPct" : 0.0,
    "meanResTime" : 0.13198921032684077,
    "medianResTime" : 0.0,
    "minResTime" : 0.0,
    "maxResTime" : 43.0,
    "pct1ResTime" : 1.0,
    "pct2ResTime" : 1.0,
    "pct3ResTime" : 1.0,
    "throughput" : 27774.818934816532,
    "receivedKBytesPerSec" : 7133.571660016356,
    "sentKBytesPerSec" : 3173.490054075717
  },
  "HTTP Request" : {
    "transaction" : "HTTP Request",
    "sampleCount" : 8329446,
    "errorCount" : 0,
    "errorPct" : 0.0,
    "meanResTime" : 0.13198921032684077,
    "medianResTime" : 0.0,
    "minResTime" : 0.0,
    "maxResTime" : 43.0,
    "pct1ResTime" : 1.0,
    "pct2ResTime" : 1.0,
    "pct3ResTime" : 1.0,
    "throughput" : 27774.818934816532,
    "receivedKBytesPerSec" : 7133.571660016356,
    "sentKBytesPerSec" : 3173.490054075717
  }
}