{
  "Total" : {
    "transaction" : "Total",
    "sampleCount" : 8092925,
    "errorCount" : 0,
    "errorPct" : 0.0,
    "meanResTime" : 0.1340968809175842,
    "medianResTime" : 0.0,
    "minResTime" : 0.0,
    "maxResTime" : 44.0,
    "pct1ResTime" : 1.0,
    "pct2ResTime" : 1.0,
    "pct3ResTime" : 1.0,
    "throughput" : 26987.84151957662,
    "receivedKBytesPerSec" : 6931.447577781886,
    "sentKBytesPerSec" : 3083.5717361235006
  },
  "HTTP Request" : {
    "transaction" : "HTTP Request",
    "sampleCount" : 8092925,
    "errorCount" : 0,
    "errorPct" : 0.0,
    "meanResTime" : 0.1340968809175842,
    "medianResTime" : 0.0,
    "minResTime" : 0.0,
    "maxResTime" : 44.0,
    "pct1ResTime" : 1.0,
    "pct2ResTime" : 1.0,
    "pct3ResTime" : 1.0,
    "throughput" : 26987.84151957662,
    "receivedKBytesPerSec" : 6931.447577781886,
    "sentKBytesPerSec" : 3083.5717361235006
  }
}