{
  "Total" : {
    "transaction" : "Total",
    "sampleCount" : 7700673,
    "errorCount" : 0,
    "errorPct" : 0.0,
    "meanResTime" : 0.1417643626732105,
    "medianResTime" : 0.0,
    "minResTime" : 0.0,
    "maxResTime" : 38.0,
    "pct1ResTime" : 1.0,
    "pct2ResTime" : 1.0,
    "pct3ResTime" : 1.0,
    "throughput" : 25677.383536567067,
    "receivedKBytesPerSec" : 6594.874873161268,
    "sentKBytesPerSec" : 2933.841673611667
  },
  "HTTP Request" : {
    "transaction" : "HTTP Request",
    "sampleCount" : 7700673,
    "errorCount" : 0,
    "errorPct" : 0.0,
    "meanResTime" : 0.1417643626732105,
    "medianResTime" : 0.0,
    "minResTime" : 0.0,
    "maxResTime" : 38.0,
    "pct1ResTime" : 1.0,
    "pct2ResTime" : 1.0,
    "pct3ResTime" : 1.0,
    "throughput" : 25677.383536567067,
    "receivedKBytesPerSec" : 6594.874873161268,
    "sentKBytesPerSec" : 2933.841673611667
  }
}