{
  "Total" : {
    "transaction" : "Total",
    "sampleCount" : 6681084,
    "errorCount" : 0,
    "errorPct" : 0.0,
    "meanResTime" : 0.16565500448731182,
    "medianResTime" : 0.0,
    "minResTime" : 0.0,
    "maxResTime" : 44.0,
    "pct1ResTime" : 1.0,
    "pct2ResTime" : 1.0,
    "pct3ResTime" : 1.0,
    "throughput" : 22278.448764547,
    "receivedKBytesPerSec" : 5721.906274488146,
    "sentKBytesPerSec" : 2545.486821730468
  },
  "HTTP Request" : {
    "transaction" : "HTTP Request",
    "sampleCount" : 6681084,
    "errorCount" : 0,
    "errorPct" : 0.0,
    "meanResTime" : 0.16565500448731182,
    "medianResTime" : 0.0,
    "minResTime" : 0.0,
    "maxResTime" : 44.0,
    "pct1ResTime" : 1.0,
    "pct2ResTime" : 1.0,
    "pct3ResTime" : 1.0,
    "throughput" : 22278.448764547,
    "receivedKBytesPerSec" : 5721.906274488146,
    "sentKBytesPerSec" : 2545.486821730468
  }
}