{
  "Total" : {
    "transaction" : "Total",
    "sampleCount" : 8699907,
    "errorCount" : 0,
    "errorPct" : 0.0,
    "meanResTime" : 0.12600870331143812,
    "medianResTime" : 0.0,
    "minResTime" : 0.0,
    "maxResTime" : 45.0,
    "pct1ResTime" : 1.0,
    "pct2ResTime" : 1.0,
    "pct3ResTime" : 1.0,
    "throughput" : 29011.391261141995,
    "receivedKBytesPerSec" : 7451.167872734711,
    "sentKBytesPerSec" : 3314.7781030797005
  },
  "HTTP Request" : {
    "transaction" : "HTTP Request",
    "sampleCount" : 8699907,
    "errorCount" : 0,
    "errorPct" : 0.0,
    "meanResTime" : 0.12600870331143812,
    "medianResTime" : 0.0,
    "minResTime" : 0.0,
    "maxResTime" : 45.0,
    "pct1ResTime" : 1.0,
    "pct2ResTime" : 1.0,
    "pct3ResTime" : 1.0,
    "throughput" : 29011.391261141995,
    "receivedKBytesPerSec" : 7451.167872734711,
    "sentKBytesPerSec" : 3314.7781030797005
  }
}