{
  "Total" : {
    "transaction" : "Total",
    "sampleCount" : 9008865,
    "errorCount" : 0,
    "errorPct" : 0.0,
    "meanResTime" : 0.12224658711169586,
    "medianResTime" : 0.0,
    "minResTime" : 0.0,
    "maxResTime" : 37.0,
    "pct1ResTime" : 1.0,
    "pct2ResTime" : 1.0,
    "pct3ResTime" : 1.0,
    "throughput" : 30039.963854136102,
    "receivedKBytesPerSec" : 7715.342278943158,
    "sentKBytesPerSec" : 3432.30055755266
  },
  "HTTP Request" : {
    "transaction" : "HTTP Request",
    "sampleCount" : 9008865,
    "errorCount" : 0,
    "errorPct" : 0.0,
    "meanResTime" : 0.12224658711169586,
    "medianResTime" : 0.0,
    "minResTime" : 0.0,
    "maxResTime" : 37.0,
    "pct1ResTime" : 1.0,
    "pct2ResTime" : 1.0,
    "pct3ResTime" : 1.0,
    "throughput" : 30039.963854136102,
    "receivedKBytesPerSec" : 7715.342278943158,
    "sentKBytesPerSec" : 3432.30055755266
  }
}